N,D,m,a,e,S,T
1,0,0,0,0,0,100
1,1,0,0,0,0,100
1,2,0,0,0,0,100
1,3,0,0,0,0,100
1,4,0,0,0,0,100
1,5,0,0,0,0,100
1,6,0,0,0,0,100
1,7,0,0,0,0,100
2,0,0,0,0,0,100
2,0,0,0,1,0,100
2,0,0,1,0,0,100
2,0,1,0,0,0,100
2,1,0,0,0,0,100
2,1,0,0,1,0,100
2,1,0,1,0,0,100
2,1,1,0,0,0,100
2,2,0,0,0,0,100
2,2,0,0,1,0,100
2,2,0,1,0,0,100
2,2,1,0,0,0,100
2,3,0,0,0,0,100
2,3,0,0,1,0,100
2,3,0,1,0,0,100
2,3,1,0,0,0,100
2,4,0,0,0,0,100
2,4,0,0,1,0,100
2,4,0,1,0,0,100
2,4,1,0,0,0,100
2,5,0,0,0,0,100
2,5,0,0,1,0,100
2,5,0,1,0,0,100
2,5,1,0,0,0,100
2,6,0,0,0,0,100
2,6,0,0,1,0,100
2,6,0,1,0,0,100
2,6,1,0,0,0,100
2,7,0,0,0,0,100
2,7,0,0,1,0,100
2,7,0,1,0,0,100
2,7,1,0,0,0,100
3,0,0,0,0,0,100
3,0,0,0,1,0,100
3,0,0,0,2,0,100
3,0,0,1,0,0,100
3,0,0,1,1,0,100
3,0,0,2,0,0,100
3,0,1,0,0,0,100
3,0,1,0,1,0,100
3,0,1,1,0,0,100
3,0,2,0,0,0,100
3,1,0,0,0,0,100
3,1,0,0,1,0,100
3,1,0,0,2,0,100
3,1,0,1,0,0,100
3,1,0,1,1,0,100
3,1,0,2,0,0,100
3,1,1,0,0,0,100
3,1,1,0,1,0,100
3,1,1,1,0,0,100
3,1,2,0,0,0,100
3,2,0,0,0,0,100
3,2,0,0,1,0,100
3,2,0,0,2,0,100
3,2,0,1,0,0,100
3,2,0,1,1,0,100
3,2,0,2,0,0,100
3,2,1,0,0,0,100
3,2,1,0,1,0,100
3,2,1,1,0,0,100
3,2,2,0,0,0,100
3,3,0,0,0,0,100
3,3,0,0,1,0,100
3,3,0,0,2,0,100
3,3,0,1,0,0,100
3,3,0,1,1,0,100
3,3,0,2,0,0,100
3,3,1,0,0,0,100
3,3,1,0,1,0,100
3,3,1,1,0,0,100
3,3,2,0,0,0,100
3,4,0,0,0,0,100
3,4,0,0,1,0,100
3,4,0,0,2,0,100
3,4,0,1,0,0,100
3,4,0,1,1,0,100
3,4,0,2,0,0,100
3,4,1,0,0,0,100
3,4,1,0,1,0,100
3,4,1,1,0,0,100
3,4,2,0,0,0,100
3,5,0,0,0,0,100
3,5,0,0,1,0,100
3,5,0,0,2,0,100
3,5,0,1,0,0,100
3,5,0,1,1,0,100
3,5,0,2,0,0,100
3,5,1,0,0,0,100
3,5,1,0,1,0,100
3,5,1,1,0,0,100
3,5,2,0,0,0,100
3,6,0,0,0,0,100
3,6,0,0,1,0,100
3,6,0,0,2,0,100
3,6,0,1,0,0,100
3,6,0,1,1,0,100
3,6,0,2,0,0,100
3,6,1,0,0,0,100
3,6,1,0,1,0,100
3,6,1,1,0,0,100
3,6,2,0,0,0,100
3,7,0,0,0,0,100
3,7,0,0,1,0,100
3,7,0,0,2,0,100
3,7,0,1,0,0,100
3,7,0,1,1,0,100
3,7,0,2,0,0,100
3,7,1,0,0,0,100
3,7,1,0,1,0,100
3,7,1,1,0,0,100
3,7,2,0,0,0,100
4,0,0,0,0,0,100
4,0,0,0,1,0,100
4,0,0,0,2,0,100
4,0,0,0,3,0,100
4,0,0,1,0,0,100
4,0,0,1,1,0,100
4,0,0,1,2,0,100
4,0,0,2,0,0,100
4,0,0,2,1,0,100
4,0,0,3,0,0,100
4,0,1,0,0,0,100
4,0,1,0,1,0,100
4,0,1,0,2,0,100
4,0,1,1,0,0,100
4,0,1,1,1,0,100
4,0,1,2,0,0,100
4,0,2,0,0,0,100
4,0,2,0,1,0,100
4,0,2,1,0,0,100
4,0,3,0,0,0,100
4,1,0,0,0,0,100
4,1,0,0,1,0,100
4,1,0,0,2,0,100
4,1,0,0,3,0,100
4,1,0,1,0,0,100
4,1,0,1,1,0,100
4,1,0,1,2,0,100
4,1,0,2,0,0,100
4,1,0,2,1,0,100
4,1,0,3,0,0,100
4,1,1,0,0,0,100
4,1,1,0,1,0,100
4,1,1,0,2,0,100
4,1,1,1,0,0,100
4,1,1,1,1,0,100
4,1,1,2,0,0,100
4,1,2,0,0,0,100
4,1,2,0,1,0,100
4,1,2,1,0,0,100
4,1,3,0,0,0,100
4,2,0,0,0,0,100
4,2,0,0,1,0,100
4,2,0,0,2,0,100
4,2,0,0,3,0,100
4,2,0,1,0,0,100
4,2,0,1,1,0,100
4,2,0,1,2,0,100
4,2,0,2,0,0,100
4,2,0,2,1,0,100
4,2,0,3,0,0,100
4,2,1,0,0,0,100
4,2,1,0,1,0,100
4,2,1,0,2,0,100
4,2,1,1,0,0,100
4,2,1,1,1,0,100
4,2,1,2,0,0,100
4,2,2,0,0,0,100
4,2,2,0,1,0,100
4,2,2,1,0,0,100
4,2,3,0,0,0,100
4,3,0,0,0,0,100
4,3,0,0,1,0,100
4,3,0,0,2,0,100
4,3,0,0,3,0,100
4,3,0,1,0,0,100
4,3,0,1,1,0,100
4,3,0,1,2,0,100
4,3,0,2,0,0,100
4,3,0,2,1,0,100
4,3,0,3,0,0,100
4,3,1,0,0,0,100
4,3,1,0,1,0,100
4,3,1,0,2,0,100
4,3,1,1,0,0,100
4,3,1,1,1,0,100
4,3,1,2,0,0,100
4,3,2,0,0,0,100
4,3,2,0,1,0,100
4,3,2,1,0,0,100
4,3,3,0,0,0,100
4,4,0,0,0,0,100
4,4,0,0,1,0,100
4,4,0,0,2,0,100
4,4,0,0,3,0,100
4,4,0,1,0,0,100
4,4,0,1,1,0,100
4,4,0,1,2,0,100
4,4,0,2,0,0,100
4,4,0,2,1,0,100
4,4,0,3,0,0,100
4,4,1,0,0,0,100
4,4,1,0,1,0,100
4,4,1,0,2,0,100
4,4,1,1,0,0,100
4,4,1,1,1,0,100
4,4,1,2,0,0,100
4,4,2,0,0,0,100
4,4,2,0,1,0,100
4,4,2,1,0,0,100
4,4,3,0,0,0,100
4,5,0,0,0,0,100
4,5,0,0,1,0,100
4,5,0,0,2,0,100
4,5,0,0,3,0,100
4,5,0,1,0,0,100
4,5,0,1,1,0,100
4,5,0,1,2,0,100
4,5,0,2,0,0,100
4,5,0,2,1,0,100
4,5,0,3,0,0,100
4,5,1,0,0,0,100
4,5,1,0,1,0,100
4,5,1,0,2,0,100
4,5,1,1,0,0,100
4,5,1,1,1,0,100
4,5,1,2,0,0,100
4,5,2,0,0,0,100
4,5,2,0,1,0,100
4,5,2,1,0,0,100
4,5,3,0,0,0,100
4,6,0,0,0,0,100
4,6,0,0,1,0,100
4,6,0,0,2,0,100
4,6,0,0,3,0,100
4,6,0,1,0,0,100
4,6,0,1,1,0,100
4,6,0,1,2,0,100
4,6,0,2,0,0,100
4,6,0,2,1,0,100
4,6,0,3,0,0,100
4,6,1,0,0,0,100
4,6,1,0,1,0,100
4,6,1,0,2,0,100
4,6,1,1,0,0,100
4,6,1,1,1,0,100
4,6,1,2,0,0,100
4,6,2,0,0,0,100
4,6,2,0,1,0,100
4,6,2,1,0,0,100
4,6,3,0,0,0,100
4,7,0,0,0,0,100
4,7,0,0,1,0,100
4,7,0,0,2,0,100
4,7,0,0,3,0,100
4,7,0,1,0,0,100
4,7,0,1,1,0,100
4,7,0,1,2,0,100
4,7,0,2,0,0,100
4,7,0,2,1,0,100
4,7,0,3,0,0,100
4,7,1,0,0,0,100
4,7,1,0,1,0,100
4,7,1,0,2,0,100
4,7,1,1,0,0,100
4,7,1,1,1,0,100
4,7,1,2,0,0,100
4,7,2,0,0,0,100
4,7,2,0,1,0,100
4,7,2,1,0,0,100
4,7,3,0,0,0,100
5,0,0,0,0,0,100
5,0,0,0,1,0,100
5,0,0,0,2,0,100
5,0,0,0,3,0,100
5,0,0,0,4,0,100
5,0,0,1,0,0,100
5,0,0,1,1,0,100
5,0,0,1,2,0,100
5,0,0,1,3,0,100
5,0,0,2,0,0,100
5,0,0,2,1,0,100
5,0,0,2,2,0,100
5,0,0,3,0,0,100
5,0,0,3,1,0,100
5,0,0,4,0,0,100
5,0,1,0,0,0,100
5,0,1,0,1,0,100
5,0,1,0,2,0,100
5,0,1,0,3,0,100
5,0,1,1,0,0,100
5,0,1,1,1,0,100
5,0,1,1,2,0,100
5,0,1,2,0,0,100
5,0,1,2,1,0,100
5,0,1,3,0,0,100
5,0,2,0,0,0,100
5,0,2,0,1,0,100
5,0,2,0,2,0,100
5,0,2,1,0,0,100
5,0,2,1,1,0,100
5,0,2,2,0,0,100
5,0,3,0,0,0,100
5,0,3,0,1,0,100
5,0,3,1,0,0,100
5,0,4,0,0,0,100
5,1,0,0,0,0,100
5,1,0,0,1,0,100
5,1,0,0,2,0,100
5,1,0,0,3,0,100
5,1,0,0,4,0,100
5,1,0,1,0,0,100
5,1,0,1,1,0,100
5,1,0,1,2,0,100
5,1,0,1,3,0,100
5,1,0,2,0,0,100
5,1,0,2,1,0,100
5,1,0,2,2,0,100
5,1,0,3,0,0,100
5,1,0,3,1,0,100
5,1,0,4,0,0,100
5,1,1,0,0,0,100
5,1,1,0,1,0,100
5,1,1,0,2,0,100
5,1,1,0,3,0,100
5,1,1,1,0,0,100
5,1,1,1,1,0,100
5,1,1,1,2,0,100
5,1,1,2,0,0,100
5,1,1,2,1,0,100
5,1,1,3,0,0,100
5,1,2,0,0,0,100
5,1,2,0,1,0,100
5,1,2,0,2,0,100
5,1,2,1,0,0,100
5,1,2,1,1,0,100
5,1,2,2,0,0,100
5,1,3,0,0,0,100
5,1,3,0,1,0,100
5,1,3,1,0,0,100
5,1,4,0,0,0,100
5,2,0,0,0,0,100
5,2,0,0,1,0,100
5,2,0,0,2,0,100
5,2,0,0,3,0,100
5,2,0,0,4,0,100
5,2,0,1,0,0,100
5,2,0,1,1,0,100
5,2,0,1,2,0,100
5,2,0,1,3,0,100
5,2,0,2,0,0,100
5,2,0,2,1,0,100
5,2,0,2,2,0,100
5,2,0,3,0,0,100
5,2,0,3,1,0,100
5,2,0,4,0,0,100
5,2,1,0,0,0,100
5,2,1,0,1,0,100
5,2,1,0,2,0,100
5,2,1,0,3,0,100
5,2,1,1,0,0,100
5,2,1,1,1,0,100
5,2,1,1,2,0,100
5,2,1,2,0,0,100
5,2,1,2,1,0,100
5,2,1,3,0,0,100
5,2,2,0,0,0,100
5,2,2,0,1,0,100
5,2,2,0,2,0,100
5,2,2,1,0,0,100
5,2,2,1,1,0,100
5,2,2,2,0,0,100
5,2,3,0,0,0,100
5,2,3,0,1,0,100
5,2,3,1,0,0,100
5,2,4,0,0,0,100
5,3,0,0,0,0,100
5,3,0,0,1,0,100
5,3,0,0,2,0,100
5,3,0,0,3,0,100
5,3,0,0,4,0,100
5,3,0,1,0,0,100
5,3,0,1,1,0,100
5,3,0,1,2,0,100
5,3,0,1,3,0,100
5,3,0,2,0,0,100
5,3,0,2,1,0,100
5,3,0,2,2,0,100
5,3,0,3,0,0,100
5,3,0,3,1,0,100
5,3,0,4,0,0,100
5,3,1,0,0,0,100
5,3,1,0,1,0,100
5,3,1,0,2,0,100
5,3,1,0,3,0,100
5,3,1,1,0,0,100
5,3,1,1,1,0,100
5,3,1,1,2,0,100
5,3,1,2,0,0,100
5,3,1,2,1,0,100
5,3,1,3,0,0,100
5,3,2,0,0,0,100
5,3,2,0,1,0,100
5,3,2,0,2,0,100
5,3,2,1,0,0,100
5,3,2,1,1,0,100
5,3,2,2,0,0,100
5,3,3,0,0,0,100
5,3,3,0,1,0,100
5,3,3,1,0,0,100
5,3,4,0,0,0,100
5,4,0,0,0,0,100
5,4,0,0,1,0,100
5,4,0,0,2,0,100
5,4,0,0,3,0,100
5,4,0,0,4,0,100
5,4,0,1,0,0,100
5,4,0,1,1,0,100
5,4,0,1,2,0,100
5,4,0,1,3,0,100
5,4,0,2,0,0,100
5,4,0,2,1,0,100
5,4,0,2,2,0,100
5,4,0,3,0,0,100
5,4,0,3,1,0,100
5,4,0,4,0,0,100
5,4,1,0,0,0,100
5,4,1,0,1,0,100
5,4,1,0,2,0,100
5,4,1,0,3,0,100
5,4,1,1,0,0,100
5,4,1,1,1,0,100
5,4,1,1,2,0,100
5,4,1,2,0,0,100
5,4,1,2,1,0,100
5,4,1,3,0,0,100
5,4,2,0,0,0,100
5,4,2,0,1,0,100
5,4,2,0,2,0,100
5,4,2,1,0,0,100
5,4,2,1,1,0,100
5,4,2,2,0,0,100
5,4,3,0,0,0,100
5,4,3,0,1,0,100
5,4,3,1,0,0,100
5,4,4,0,0,0,100
5,5,0,0,0,0,100
5,5,0,0,1,0,100
5,5,0,0,2,0,100
5,5,0,0,3,0,100
5,5,0,0,4,0,100
5,5,0,1,0,0,100
5,5,0,1,1,0,100
5,5,0,1,2,0,100
5,5,0,1,3,0,100
5,5,0,2,0,0,100
5,5,0,2,1,0,100
5,5,0,2,2,0,100
5,5,0,3,0,0,100
5,5,0,3,1,0,100
5,5,0,4,0,0,100
5,5,1,0,0,0,100
5,5,1,0,1,0,100
5,5,1,0,2,0,100
5,5,1,0,3,0,100
5,5,1,1,0,0,100
5,5,1,1,1,0,100
5,5,1,1,2,0,100
5,5,1,2,0,0,100
5,5,1,2,1,0,100
5,5,1,3,0,0,100
5,5,2,0,0,0,100
5,5,2,0,1,0,100
5,5,2,0,2,0,100
5,5,2,1,0,0,100
5,5,2,1,1,0,100
5,5,2,2,0,0,100
5,5,3,0,0,0,100
5,5,3,0,1,0,100
5,5,3,1,0,0,100
5,5,4,0,0,0,100
5,6,0,0,0,0,100
5,6,0,0,1,0,100
5,6,0,0,2,0,100
5,6,0,0,3,0,100
5,6,0,0,4,0,100
5,6,0,1,0,0,100
5,6,0,1,1,0,100
5,6,0,1,2,0,100
5,6,0,1,3,0,100
5,6,0,2,0,0,100
5,6,0,2,1,0,100
5,6,0,2,2,0,100
5,6,0,3,0,0,100
5,6,0,3,1,0,100
5,6,0,4,0,0,100
5,6,1,0,0,0,100
5,6,1,0,1,0,100
5,6,1,0,2,0,100
5,6,1,0,3,0,100
5,6,1,1,0,0,100
5,6,1,1,1,0,100
5,6,1,1,2,0,100
5,6,1,2,0,0,100
5,6,1,2,1,0,100
5,6,1,3,0,0,100
5,6,2,0,0,0,100
5,6,2,0,1,0,100
5,6,2,0,2,0,100
5,6,2,1,0,0,100
5,6,2,1,1,0,100
5,6,2,2,0,0,100
5,6,3,0,0,0,100
5,6,3,0,1,0,100
5,6,3,1,0,0,100
5,6,4,0,0,0,100
5,7,0,0,0,0,100
5,7,0,0,1,0,100
5,7,0,0,2,0,100
5,7,0,0,3,0,100
5,7,0,0,4,0,100
5,7,0,1,0,0,100
5,7,0,1,1,0,100
5,7,0,1,2,0,100
5,7,0,1,3,0,100
5,7,0,2,0,0,100
5,7,0,2,1,0,100
5,7,0,2,2,0,100
5,7,0,3,0,0,100
5,7,0,3,1,0,100
5,7,0,4,0,0,100
5,7,1,0,0,0,100
5,7,1,0,1,0,100
5,7,1,0,2,0,100
5,7,1,0,3,0,100
5,7,1,1,0,0,100
5,7,1,1,1,0,100
5,7,1,1,2,0,100
5,7,1,2,0,0,100
5,7,1,2,1,0,100
5,7,1,3,0,0,100
5,7,2,0,0,0,100
5,7,2,0,1,0,100
5,7,2,0,2,0,100
5,7,2,1,0,0,100
5,7,2,1,1,0,100
5,7,2,2,0,0,100
5,7,3,0,0,0,100
5,7,3,0,1,0,100
5,7,3,1,0,0,100
5,7,4,0,0,0,100
6,0,0,0,0,0,100
6,0,0,0,1,0,100
6,0,0,0,2,0,100
6,0,0,0,3,0,100
6,0,0,0,4,0,100
6,0,0,0,5,0,100
6,0,0,1,0,0,100
6,0,0,1,1,0,100
6,0,0,1,2,0,100
6,0,0,1,3,0,100
6,0,0,1,4,0,100
6,0,0,2,0,0,100
6,0,0,2,1,0,100
6,0,0,2,2,0,100
6,0,0,2,3,0,100
6,0,0,3,0,0,100
6,0,0,3,1,0,100
6,0,0,3,2,0,100
6,0,0,4,0,0,100
6,0,0,4,1,0,100
6,0,0,5,0,0,100
6,0,1,0,0,0,100
6,0,1,0,1,0,100
6,0,1,0,2,0,100
6,0,1,0,3,0,100
6,0,1,0,4,0,100
6,0,1,1,0,0,100
6,0,1,1,1,0,100
6,0,1,1,2,0,100
6,0,1,1,3,0,100
6,0,1,2,0,0,100
6,0,1,2,1,0,100
6,0,1,2,2,0,100
6,0,1,3,0,0,100
6,0,1,3,1,0,100
6,0,1,4,0,0,100
6,0,2,0,0,0,100
6,0,2,0,1,0,100
6,0,2,0,2,0,100
6,0,2,0,3,0,100
6,0,2,1,0,0,100
6,0,2,1,1,0,100
6,0,2,1,2,0,100
6,0,2,2,0,0,100
6,0,2,2,1,0,100
6,0,2,3,0,0,100
6,0,3,0,0,0,100
6,0,3,0,1,0,100
6,0,3,0,2,0,100
6,0,3,1,0,0,100
6,0,3,1,1,0,100
6,0,3,2,0,0,100
6,0,4,0,0,0,100
6,0,4,0,1,0,100
6,0,4,1,0,0,100
6,0,5,0,0,0,100
6,1,0,0,0,0,100
6,1,0,0,1,0,100
6,1,0,0,2,0,100
6,1,0,0,3,0,100
6,1,0,0,4,0,100
6,1,0,0,5,0,100
6,1,0,1,0,0,100
6,1,0,1,1,0,100
6,1,0,1,2,0,100
6,1,0,1,3,0,100
6,1,0,1,4,0,100
6,1,0,2,0,0,100
6,1,0,2,1,0,100
6,1,0,2,2,0,100
6,1,0,2,3,0,100
6,1,0,3,0,0,100
6,1,0,3,1,0,100
6,1,0,3,2,0,100
6,1,0,4,0,0,100
6,1,0,4,1,0,100
6,1,0,5,0,0,100
6,1,1,0,0,0,100
6,1,1,0,1,0,100
6,1,1,0,2,0,100
6,1,1,0,3,0,100
6,1,1,0,4,0,100
6,1,1,1,0,0,100
6,1,1,1,1,0,100
6,1,1,1,2,0,100
6,1,1,1,3,0,100
6,1,1,2,0,0,100
6,1,1,2,1,0,100
6,1,1,2,2,0,100
6,1,1,3,0,0,100
6,1,1,3,1,0,100
6,1,1,4,0,0,100
6,1,2,0,0,0,100
6,1,2,0,1,0,100
6,1,2,0,2,0,100
6,1,2,0,3,0,100
6,1,2,1,0,0,100
6,1,2,1,1,0,100
6,1,2,1,2,0,100
6,1,2,2,0,0,100
6,1,2,2,1,0,100
6,1,2,3,0,0,100
6,1,3,0,0,0,100
6,1,3,0,1,0,100
6,1,3,0,2,0,100
6,1,3,1,0,0,100
6,1,3,1,1,0,100
6,1,3,2,0,0,100
6,1,4,0,0,0,100
6,1,4,0,1,0,100
6,1,4,1,0,0,100
6,1,5,0,0,0,100
6,2,0,0,0,0,100
6,2,0,0,1,0,100
6,2,0,0,2,0,100
6,2,0,0,3,0,100
6,2,0,0,4,0,100
6,2,0,0,5,0,100
6,2,0,1,0,0,100
6,2,0,1,1,0,100
6,2,0,1,2,0,100
6,2,0,1,3,0,100
6,2,0,1,4,0,100
6,2,0,2,0,0,100
6,2,0,2,1,0,100
6,2,0,2,2,0,100
6,2,0,2,3,0,100
6,2,0,3,0,0,100
6,2,0,3,1,0,100
6,2,0,3,2,0,100
6,2,0,4,0,0,100
6,2,0,4,1,0,100
6,2,0,5,0,0,100
6,2,1,0,0,0,100
6,2,1,0,1,0,100
6,2,1,0,2,0,100
6,2,1,0,3,0,100
6,2,1,0,4,0,100
6,2,1,1,0,0,100
6,2,1,1,1,0,100
6,2,1,1,2,0,100
6,2,1,1,3,0,100
6,2,1,2,0,0,100
6,2,1,2,1,0,100
6,2,1,2,2,0,100
6,2,1,3,0,0,100
6,2,1,3,1,0,100
6,2,1,4,0,0,100
6,2,2,0,0,0,100
6,2,2,0,1,0,100
6,2,2,0,2,0,100
6,2,2,0,3,0,100
6,2,2,1,0,0,100
6,2,2,1,1,0,100
6,2,2,1,2,0,100
6,2,2,2,0,0,100
6,2,2,2,1,0,100
6,2,2,3,0,0,100
6,2,3,0,0,0,100
6,2,3,0,1,0,100
6,2,3,0,2,0,100
6,2,3,1,0,0,100
6,2,3,1,1,0,100
6,2,3,2,0,0,100
6,2,4,0,0,0,100
6,2,4,0,1,0,100
6,2,4,1,0,0,100
6,2,5,0,0,0,100
6,3,0,0,0,0,100
6,3,0,0,1,0,100
6,3,0,0,2,0,100
6,3,0,0,3,0,100
6,3,0,0,4,0,100
6,3,0,0,5,0,100
6,3,0,1,0,0,100
6,3,0,1,1,0,100
6,3,0,1,2,0,100
6,3,0,1,3,0,100
6,3,0,1,4,0,100
6,3,0,2,0,0,100
6,3,0,2,1,0,100
6,3,0,2,2,0,100
6,3,0,2,3,0,100
6,3,0,3,0,0,100
6,3,0,3,1,0,100
6,3,0,3,2,0,100
6,3,0,4,0,0,100
6,3,0,4,1,0,100
6,3,0,5,0,0,100
6,3,1,0,0,0,100
6,3,1,0,1,0,100
6,3,1,0,2,0,100
6,3,1,0,3,0,100
6,3,1,0,4,0,100
6,3,1,1,0,0,100
6,3,1,1,1,0,100
6,3,1,1,2,0,100
6,3,1,1,3,0,100
6,3,1,2,0,0,100
6,3,1,2,1,0,100
6,3,1,2,2,0,100
6,3,1,3,0,0,100
6,3,1,3,1,0,100
6,3,1,4,0,0,100
6,3,2,0,0,0,100
6,3,2,0,1,0,100
6,3,2,0,2,0,100
6,3,2,0,3,0,100
6,3,2,1,0,0,100
6,3,2,1,1,0,100
6,3,2,1,2,0,100
6,3,2,2,0,0,100
6,3,2,2,1,0,100
6,3,2,3,0,0,100
6,3,3,0,0,0,100
6,3,3,0,1,0,100
6,3,3,0,2,0,100
6,3,3,1,0,0,100
6,3,3,1,1,0,100
6,3,3,2,0,0,100
6,3,4,0,0,0,100
6,3,4,0,1,0,100
6,3,4,1,0,0,100
6,3,5,0,0,0,100
6,4,0,0,0,0,100
6,4,0,0,1,0,100
6,4,0,0,2,0,100
6,4,0,0,3,0,100
6,4,0,0,4,0,100
6,4,0,0,5,0,100
6,4,0,1,0,0,100
6,4,0,1,1,0,100
6,4,0,1,2,0,100
6,4,0,1,3,0,100
6,4,0,1,4,0,100
6,4,0,2,0,0,100
6,4,0,2,1,0,100
6,4,0,2,2,0,100
6,4,0,2,3,0,100
6,4,0,3,0,0,100
6,4,0,3,1,0,100
6,4,0,3,2,0,100
6,4,0,4,0,0,100
6,4,0,4,1,0,100
6,4,0,5,0,0,100
6,4,1,0,0,0,100
6,4,1,0,1,0,100
6,4,1,0,2,0,100
6,4,1,0,3,0,100
6,4,1,0,4,0,100
6,4,1,1,0,0,100
6,4,1,1,1,0,100
6,4,1,1,2,0,100
6,4,1,1,3,0,100
6,4,1,2,0,0,100
6,4,1,2,1,0,100
6,4,1,2,2,0,100
6,4,1,3,0,0,100
6,4,1,3,1,0,100
6,4,1,4,0,0,100
6,4,2,0,0,0,100
6,4,2,0,1,0,100
6,4,2,0,2,0,100
6,4,2,0,3,0,100
6,4,2,1,0,0,100
6,4,2,1,1,0,100
6,4,2,1,2,0,100
6,4,2,2,0,0,100
6,4,2,2,1,0,100
6,4,2,3,0,0,100
6,4,3,0,0,0,100
6,4,3,0,1,0,100
6,4,3,0,2,0,100
6,4,3,1,0,0,100
6,4,3,1,1,0,100
6,4,3,2,0,0,100
6,4,4,0,0,0,100
6,4,4,0,1,0,100
6,4,4,1,0,0,100
6,4,5,0,0,0,100
6,5,0,0,0,0,100
6,5,0,0,1,0,100
6,5,0,0,2,0,100
6,5,0,0,3,0,100
6,5,0,0,4,0,100
6,5,0,0,5,0,100
6,5,0,1,0,0,100
6,5,0,1,1,0,100
6,5,0,1,2,0,100
6,5,0,1,3,0,100
6,5,0,1,4,0,100
6,5,0,2,0,0,100
6,5,0,2,1,0,100
6,5,0,2,2,0,100
6,5,0,2,3,0,100
6,5,0,3,0,0,100
6,5,0,3,1,0,100
6,5,0,3,2,0,100
6,5,0,4,0,0,100
6,5,0,4,1,0,100
6,5,0,5,0,0,100
6,5,1,0,0,0,100
6,5,1,0,1,0,100
6,5,1,0,2,0,100
6,5,1,0,3,0,100
6,5,1,0,4,0,100
6,5,1,1,0,0,100
6,5,1,1,1,0,100
6,5,1,1,2,0,100
6,5,1,1,3,0,100
6,5,1,2,0,0,100
6,5,1,2,1,0,100
6,5,1,2,2,0,100
6,5,1,3,0,0,100
6,5,1,3,1,0,100
6,5,1,4,0,0,100
6,5,2,0,0,0,100
6,5,2,0,1,0,100
6,5,2,0,2,0,100
6,5,2,0,3,0,100
6,5,2,1,0,0,100
6,5,2,1,1,0,100
6,5,2,1,2,0,100
6,5,2,2,0,0,100
6,5,2,2,1,0,100
6,5,2,3,0,0,100
6,5,3,0,0,0,100
6,5,3,0,1,0,100
6,5,3,0,2,0,100
6,5,3,1,0,0,100
6,5,3,1,1,0,100
6,5,3,2,0,0,100
6,5,4,0,0,0,100
6,5,4,0,1,0,100
6,5,4,1,0,0,100
6,5,5,0,0,0,100
6,6,0,0,0,0,100
6,6,0,0,1,0,100
6,6,0,0,2,0,100
6,6,0,0,3,0,100
6,6,0,0,4,0,100
6,6,0,0,5,0,100
6,6,0,1,0,0,100
6,6,0,1,1,0,100
6,6,0,1,2,0,100
6,6,0,1,3,0,100
6,6,0,1,4,0,100
6,6,0,2,0,0,100
6,6,0,2,1,0,100
6,6,0,2,2,0,100
6,6,0,2,3,0,100
6,6,0,3,0,0,100
6,6,0,3,1,0,100
6,6,0,3,2,0,100
6,6,0,4,0,0,100
6,6,0,4,1,0,100
6,6,0,5,0,0,100
6,6,1,0,0,0,100
6,6,1,0,1,0,100
6,6,1,0,2,0,100
6,6,1,0,3,0,100
6,6,1,0,4,0,100
6,6,1,1,0,0,100
6,6,1,1,1,0,100
6,6,1,1,2,0,100
6,6,1,1,3,0,100
6,6,1,2,0,0,100
6,6,1,2,1,0,100
6,6,1,2,2,0,100
6,6,1,3,0,0,100
6,6,1,3,1,0,100
6,6,1,4,0,0,100
6,6,2,0,0,0,100
6,6,2,0,1,0,100
6,6,2,0,2,0,100
6,6,2,0,3,0,100
6,6,2,1,0,0,100
6,6,2,1,1,0,100
6,6,2,1,2,0,100
6,6,2,2,0,0,100
6,6,2,2,1,0,100
6,6,2,3,0,0,100
6,6,3,0,0,0,100
6,6,3,0,1,0,100
6,6,3,0,2,0,100
6,6,3,1,0,0,100
6,6,3,1,1,0,100
6,6,3,2,0,0,100
6,6,4,0,0,0,100
6,6,4,0,1,0,100
6,6,4,1,0,0,100
6,6,5,0,0,0,100
6,7,0,0,0,0,100
6,7,0,0,1,0,100
6,7,0,0,2,0,100
6,7,0,0,3,0,100
6,7,0,0,4,0,100
6,7,0,0,5,0,100
6,7,0,1,0,0,100
6,7,0,1,1,0,100
6,7,0,1,2,0,100
6,7,0,1,3,0,100
6,7,0,1,4,0,100
6,7,0,2,0,0,100
6,7,0,2,1,0,100
6,7,0,2,2,0,100
6,7,0,2,3,0,100
6,7,0,3,0,0,100
6,7,0,3,1,0,100
6,7,0,3,2,0,100
6,7,0,4,0,0,100
6,7,0,4,1,0,100
6,7,0,5,0,0,100
6,7,1,0,0,0,100
6,7,1,0,1,0,100
6,7,1,0,2,0,100
6,7,1,0,3,0,100
6,7,1,0,4,0,100
6,7,1,1,0,0,100
6,7,1,1,1,0,100
6,7,1,1,2,0,100
6,7,1,1,3,0,100
6,7,1,2,0,0,100
6,7,1,2,1,0,100
6,7,1,2,2,0,100
6,7,1,3,0,0,100
6,7,1,3,1,0,100
6,7,1,4,0,0,100
6,7,2,0,0,0,100
6,7,2,0,1,0,100
6,7,2,0,2,0,100
6,7,2,0,3,0,100
6,7,2,1,0,0,100
6,7,2,1,1,0,100
6,7,2,1,2,0,100
6,7,2,2,0,0,100
6,7,2,2,1,0,100
6,7,2,3,0,0,100
6,7,3,0,0,0,100
6,7,3,0,1,0,100
6,7,3,0,2,0,100
6,7,3,1,0,0,100
6,7,3,1,1,0,100
6,7,3,2,0,0,100
6,7,4,0,0,0,100
6,7,4,0,1,0,100
6,7,4,1,0,0,100
6,7,5,0,0,0,100
7,0,0,0,0,0,100
7,0,0,0,1,0,100
7,0,0,0,2,0,100
7,0,0,0,3,0,100
7,0,0,0,4,0,100
7,0,0,0,5,0,100
7,0,0,0,6,0,100
7,0,0,1,0,0,100
7,0,0,1,1,0,100
7,0,0,1,2,0,100
7,0,0,1,3,0,100
7,0,0,1,4,0,100
7,0,0,1,5,0,100
7,0,0,2,0,0,100
7,0,0,2,1,0,100
7,0,0,2,2,0,100
7,0,0,2,3,0,100
7,0,0,2,4,0,100
7,0,0,3,0,0,100
7,0,0,3,1,0,100
7,0,0,3,2,0,100
7,0,0,3,3,0,100
7,0,0,4,0,0,100
7,0,0,4,1,0,100
7,0,0,4,2,0,100
7,0,0,5,0,0,100
7,0,0,5,1,0,100
7,0,0,6,0,0,100
7,0,1,0,0,0,100
7,0,1,0,1,0,100
7,0,1,0,2,0,100
7,0,1,0,3,0,100
7,0,1,0,4,0,100
7,0,1,0,5,0,100
7,0,1,1,0,0,100
7,0,1,1,1,0,100
7,0,1,1,2,0,100
7,0,1,1,3,0,100
7,0,1,1,4,0,100
7,0,1,2,0,0,100
7,0,1,2,1,0,100
7,0,1,2,2,0,100
7,0,1,2,3,0,100
7,0,1,3,0,0,100
7,0,1,3,1,0,100
7,0,1,3,2,0,100
7,0,1,4,0,0,100
7,0,1,4,1,0,100
7,0,1,5,0,0,100
7,0,2,0,0,0,100
7,0,2,0,1,0,100
7,0,2,0,2,0,100
7,0,2,0,3,0,100
7,0,2,0,4,0,100
7,0,2,1,0,0,100
7,0,2,1,1,0,100
7,0,2,1,2,0,100
7,0,2,1,3,0,100
7,0,2,2,0,0,100
7,0,2,2,1,0,100
7,0,2,2,2,0,100
7,0,2,3,0,0,100
7,0,2,3,1,0,100
7,0,2,4,0,0,100
7,0,3,0,0,0,100
7,0,3,0,1,0,100
7,0,3,0,2,0,100
7,0,3,0,3,0,100
7,0,3,1,0,0,100
7,0,3,1,1,0,100
7,0,3,1,2,0,100
7,0,3,2,0,0,100
7,0,3,2,1,0,100
7,0,3,3,0,0,100
7,0,4,0,0,0,100
7,0,4,0,1,0,100
7,0,4,0,2,0,100
7,0,4,1,0,0,100
7,0,4,1,1,0,100
7,0,4,2,0,0,100
7,0,5,0,0,0,100
7,0,5,0,1,0,100
7,0,5,1,0,0,100
7,0,6,0,0,0,100
7,1,0,0,0,0,100
7,1,0,0,1,0,100
7,1,0,0,2,0,100
7,1,0,0,3,0,100
7,1,0,0,4,0,100
7,1,0,0,5,0,100
7,1,0,0,6,0,100
7,1,0,1,0,0,100
7,1,0,1,1,0,100
7,1,0,1,2,0,100
7,1,0,1,3,0,100
7,1,0,1,4,0,100
7,1,0,1,5,0,100
7,1,0,2,0,0,100
7,1,0,2,1,0,100
7,1,0,2,2,0,100
7,1,0,2,3,0,100
7,1,0,2,4,0,100
7,1,0,3,0,0,100
7,1,0,3,1,0,100
7,1,0,3,2,0,100
7,1,0,3,3,0,100
7,1,0,4,0,0,100
7,1,0,4,1,0,100
7,1,0,4,2,0,100
7,1,0,5,0,0,100
7,1,0,5,1,0,100
7,1,0,6,0,0,100
7,1,1,0,0,0,100
7,1,1,0,1,0,100
7,1,1,0,2,0,100
7,1,1,0,3,0,100
7,1,1,0,4,0,100
7,1,1,0,5,0,100
7,1,1,1,0,0,100
7,1,1,1,1,0,100
7,1,1,1,2,0,100
7,1,1,1,3,0,100
7,1,1,1,4,0,100
7,1,1,2,0,0,100
7,1,1,2,1,0,100
7,1,1,2,2,0,100
7,1,1,2,3,0,100
7,1,1,3,0,0,100
7,1,1,3,1,0,100
7,1,1,3,2,0,100
7,1,1,4,0,0,100
7,1,1,4,1,0,100
7,1,1,5,0,0,100
7,1,2,0,0,0,100
7,1,2,0,1,0,100
7,1,2,0,2,0,100
7,1,2,0,3,0,100
7,1,2,0,4,0,100
7,1,2,1,0,0,100
7,1,2,1,1,0,100
7,1,2,1,2,0,100
7,1,2,1,3,0,100
7,1,2,2,0,0,100
7,1,2,2,1,0,100
7,1,2,2,2,0,100
7,1,2,3,0,0,100
7,1,2,3,1,0,100
7,1,2,4,0,0,100
7,1,3,0,0,0,100
7,1,3,0,1,0,100
7,1,3,0,2,0,100
7,1,3,0,3,0,100
7,1,3,1,0,0,100
7,1,3,1,1,0,100
7,1,3,1,2,0,100
7,1,3,2,0,0,100
7,1,3,2,1,0,100
7,1,3,3,0,0,100
7,1,4,0,0,0,100
7,1,4,0,1,0,100
7,1,4,0,2,0,100
7,1,4,1,0,0,100
7,1,4,1,1,0,100
7,1,4,2,0,0,100
7,1,5,0,0,0,100
7,1,5,0,1,0,100
7,1,5,1,0,0,100
7,1,6,0,0,0,100
7,2,0,0,0,0,100
7,2,0,0,1,0,100
7,2,0,0,2,0,100
7,2,0,0,3,0,100
7,2,0,0,4,0,100
7,2,0,0,5,0,100
7,2,0,0,6,0,100
7,2,0,1,0,0,100
7,2,0,1,1,0,100
7,2,0,1,2,0,100
7,2,0,1,3,0,100
7,2,0,1,4,0,100
7,2,0,1,5,0,100
7,2,0,2,0,0,100
7,2,0,2,1,0,100
7,2,0,2,2,0,100
7,2,0,2,3,0,100
7,2,0,2,4,0,100
7,2,0,3,0,0,100
7,2,0,3,1,0,100
7,2,0,3,2,0,100
7,2,0,3,3,0,100
7,2,0,4,0,0,100
7,2,0,4,1,0,100
7,2,0,4,2,0,100
7,2,0,5,0,0,100
7,2,0,5,1,0,100
7,2,0,6,0,0,100
7,2,1,0,0,0,100
7,2,1,0,1,0,100
7,2,1,0,2,0,100
7,2,1,0,3,0,100
7,2,1,0,4,0,100
7,2,1,0,5,0,100
7,2,1,1,0,0,100
7,2,1,1,1,0,100
7,2,1,1,2,0,100
7,2,1,1,3,0,100
7,2,1,1,4,0,100
7,2,1,2,0,0,100
7,2,1,2,1,0,100
7,2,1,2,2,0,100
7,2,1,2,3,0,100
7,2,1,3,0,0,100
7,2,1,3,1,0,100
7,2,1,3,2,0,100
7,2,1,4,0,0,100
7,2,1,4,1,0,100
7,2,1,5,0,0,100
7,2,2,0,0,0,100
7,2,2,0,1,0,100
7,2,2,0,2,0,100
7,2,2,0,3,0,100
7,2,2,0,4,0,100
7,2,2,1,0,0,100
7,2,2,1,1,0,100
7,2,2,1,2,0,100
7,2,2,1,3,0,100
7,2,2,2,0,0,100
7,2,2,2,1,0,100
7,2,2,2,2,0,100
7,2,2,3,0,0,100
7,2,2,3,1,0,100
7,2,2,4,0,0,100
7,2,3,0,0,0,100
7,2,3,0,1,0,100
7,2,3,0,2,0,100
7,2,3,0,3,0,100
7,2,3,1,0,0,100
7,2,3,1,1,0,100
7,2,3,1,2,0,100
7,2,3,2,0,0,100
7,2,3,2,1,0,100
7,2,3,3,0,0,100
7,2,4,0,0,0,100
7,2,4,0,1,0,100
7,2,4,0,2,0,100
7,2,4,1,0,0,100
7,2,4,1,1,0,100
7,2,4,2,0,0,100
7,2,5,0,0,0,100
7,2,5,0,1,0,100
7,2,5,1,0,0,100
7,2,6,0,0,0,100
7,3,0,0,0,0,100
7,3,0,0,1,0,100
7,3,0,0,2,0,100
7,3,0,0,3,0,100
7,3,0,0,4,0,100
7,3,0,0,5,0,100
7,3,0,0,6,0,100
7,3,0,1,0,0,100
7,3,0,1,1,0,100
7,3,0,1,2,0,100
7,3,0,1,3,0,100
7,3,0,1,4,0,100
7,3,0,1,5,0,100
7,3,0,2,0,0,100
7,3,0,2,1,0,100
7,3,0,2,2,0,100
7,3,0,2,3,0,100
7,3,0,2,4,0,100
7,3,0,3,0,0,100
7,3,0,3,1,0,100
7,3,0,3,2,0,100
7,3,0,3,3,0,100
7,3,0,4,0,0,100
7,3,0,4,1,0,100
7,3,0,4,2,0,100
7,3,0,5,0,0,100
7,3,0,5,1,0,100
7,3,0,6,0,0,100
7,3,1,0,0,0,100
7,3,1,0,1,0,100
7,3,1,0,2,0,100
7,3,1,0,3,0,100
7,3,1,0,4,0,100
7,3,1,0,5,0,100
7,3,1,1,0,0,100
7,3,1,1,1,0,100
7,3,1,1,2,0,100
7,3,1,1,3,0,100
7,3,1,1,4,0,100
7,3,1,2,0,0,100
7,3,1,2,1,0,100
7,3,1,2,2,0,100
7,3,1,2,3,0,100
7,3,1,3,0,0,100
7,3,1,3,1,0,100
7,3,1,3,2,0,100
7,3,1,4,0,0,100
7,3,1,4,1,0,100
7,3,1,5,0,0,100
7,3,2,0,0,0,100
7,3,2,0,1,0,100
7,3,2,0,2,0,100
7,3,2,0,3,0,100
7,3,2,0,4,0,100
7,3,2,1,0,0,100
7,3,2,1,1,0,100
7,3,2,1,2,0,100
7,3,2,1,3,0,100
7,3,2,2,0,0,100
7,3,2,2,1,0,100
7,3,2,2,2,0,100
7,3,2,3,0,0,100
7,3,2,3,1,0,100
7,3,2,4,0,0,100
7,3,3,0,0,0,100
7,3,3,0,1,0,100
7,3,3,0,2,0,100
7,3,3,0,3,0,100
7,3,3,1,0,0,100
7,3,3,1,1,0,100
7,3,3,1,2,0,100
7,3,3,2,0,0,100
7,3,3,2,1,0,100
7,3,3,3,0,0,100
7,3,4,0,0,0,100
7,3,4,0,1,0,100
7,3,4,0,2,0,100
7,3,4,1,0,0,100
7,3,4,1,1,0,100
7,3,4,2,0,0,100
7,3,5,0,0,0,100
7,3,5,0,1,0,100
7,3,5,1,0,0,100
7,3,6,0,0,0,100
7,4,0,0,0,0,100
7,4,0,0,1,0,100
7,4,0,0,2,0,100
7,4,0,0,3,0,100
7,4,0,0,4,0,100
7,4,0,0,5,0,100
7,4,0,0,6,0,100
7,4,0,1,0,0,100
7,4,0,1,1,0,100
7,4,0,1,2,0,100
7,4,0,1,3,0,100
7,4,0,1,4,0,100
7,4,0,1,5,0,100
7,4,0,2,0,0,100
7,4,0,2,1,0,100
7,4,0,2,2,0,100
7,4,0,2,3,0,100
7,4,0,2,4,0,100
7,4,0,3,0,0,100
7,4,0,3,1,0,100
7,4,0,3,2,0,100
7,4,0,3,3,0,100
7,4,0,4,0,0,100
7,4,0,4,1,0,100
7,4,0,4,2,0,100
7,4,0,5,0,0,100
7,4,0,5,1,0,100
7,4,0,6,0,0,100
7,4,1,0,0,0,100
7,4,1,0,1,0,100
7,4,1,0,2,0,100
7,4,1,0,3,0,100
7,4,1,0,4,0,100
7,4,1,0,5,0,100
7,4,1,1,0,0,100
7,4,1,1,1,0,100
7,4,1,1,2,0,100
7,4,1,1,3,0,100
7,4,1,1,4,0,100
7,4,1,2,0,0,100
7,4,1,2,1,0,100
7,4,1,2,2,0,100
7,4,1,2,3,0,100
7,4,1,3,0,0,100
7,4,1,3,1,0,100
7,4,1,3,2,0,100
7,4,1,4,0,0,100
7,4,1,4,1,0,100
7,4,1,5,0,0,100
7,4,2,0,0,0,100
7,4,2,0,1,0,100
7,4,2,0,2,0,100
7,4,2,0,3,0,100
7,4,2,0,4,0,100
7,4,2,1,0,0,100
7,4,2,1,1,0,100
7,4,2,1,2,0,100
7,4,2,1,3,0,100
7,4,2,2,0,0,100
7,4,2,2,1,0,100
7,4,2,2,2,0,100
7,4,2,3,0,0,100
7,4,2,3,1,0,100
7,4,2,4,0,0,100
7,4,3,0,0,0,100
7,4,3,0,1,0,100
7,4,3,0,2,0,100
7,4,3,0,3,0,100
7,4,3,1,0,0,100
7,4,3,1,1,0,100
7,4,3,1,2,0,100
7,4,3,2,0,0,100
7,4,3,2,1,0,100
7,4,3,3,0,0,100
7,4,4,0,0,0,100
7,4,4,0,1,0,100
7,4,4,0,2,0,100
7,4,4,1,0,0,100
7,4,4,1,1,0,100
7,4,4,2,0,0,100
7,4,5,0,0,0,100
7,4,5,0,1,0,100
7,4,5,1,0,0,100
7,4,6,0,0,0,100
7,5,0,0,0,0,100
7,5,0,0,1,0,100
7,5,0,0,2,0,100
7,5,0,0,3,0,100
7,5,0,0,4,0,100
7,5,0,0,5,0,100
7,5,0,0,6,0,100
7,5,0,1,0,0,100
7,5,0,1,1,0,100
7,5,0,1,2,0,100
7,5,0,1,3,0,100
7,5,0,1,4,0,100
7,5,0,1,5,0,100
7,5,0,2,0,0,100
7,5,0,2,1,0,100
7,5,0,2,2,0,100
7,5,0,2,3,0,100
7,5,0,2,4,0,100
7,5,0,3,0,0,100
7,5,0,3,1,0,100
7,5,0,3,2,0,100
7,5,0,3,3,0,100
7,5,0,4,0,0,100
7,5,0,4,1,0,100
7,5,0,4,2,0,100
7,5,0,5,0,0,100
7,5,0,5,1,0,100
7,5,0,6,0,0,100
7,5,1,0,0,0,100
7,5,1,0,1,0,100
7,5,1,0,2,0,100
7,5,1,0,3,0,100
7,5,1,0,4,0,100
7,5,1,0,5,0,100
7,5,1,1,0,0,100
7,5,1,1,1,0,100
7,5,1,1,2,0,100
7,5,1,1,3,0,100
7,5,1,1,4,0,100
7,5,1,2,0,0,100
7,5,1,2,1,0,100
7,5,1,2,2,0,100
7,5,1,2,3,0,100
7,5,1,3,0,0,100
7,5,1,3,1,0,100
7,5,1,3,2,0,100
7,5,1,4,0,0,100
7,5,1,4,1,0,100
7,5,1,5,0,0,100
7,5,2,0,0,0,100
7,5,2,0,1,0,100
7,5,2,0,2,0,100
7,5,2,0,3,0,100
7,5,2,0,4,0,100
7,5,2,1,0,0,100
7,5,2,1,1,0,100
7,5,2,1,2,0,100
7,5,2,1,3,0,100
7,5,2,2,0,0,100
7,5,2,2,1,0,100
7,5,2,2,2,0,100
7,5,2,3,0,0,100
7,5,2,3,1,0,100
7,5,2,4,0,0,100
7,5,3,0,0,0,100
7,5,3,0,1,0,100
7,5,3,0,2,0,100
7,5,3,0,3,0,100
7,5,3,1,0,0,100
7,5,3,1,1,0,100
7,5,3,1,2,0,100
7,5,3,2,0,0,100
7,5,3,2,1,0,100
7,5,3,3,0,0,100
7,5,4,0,0,0,100
7,5,4,0,1,0,100
7,5,4,0,2,0,100
7,5,4,1,0,0,100
7,5,4,1,1,0,100
7,5,4,2,0,0,100
7,5,5,0,0,0,100
7,5,5,0,1,0,100
7,5,5,1,0,0,100
7,5,6,0,0,0,100
7,6,0,0,0,0,100
7,6,0,0,1,0,100
7,6,0,0,2,0,100
7,6,0,0,3,0,100
7,6,0,0,4,0,100
7,6,0,0,5,0,100
7,6,0,0,6,0,100
7,6,0,1,0,0,100
7,6,0,1,1,0,100
7,6,0,1,2,0,100
7,6,0,1,3,0,100
7,6,0,1,4,0,100
7,6,0,1,5,0,100
7,6,0,2,0,0,100
7,6,0,2,1,0,100
7,6,0,2,2,0,100
7,6,0,2,3,0,100
7,6,0,2,4,0,100
7,6,0,3,0,0,100
7,6,0,3,1,0,100
7,6,0,3,2,0,100
7,6,0,3,3,0,100
7,6,0,4,0,0,100
7,6,0,4,1,0,100
7,6,0,4,2,0,100
7,6,0,5,0,0,100
7,6,0,5,1,0,100
7,6,0,6,0,0,100
7,6,1,0,0,0,100
7,6,1,0,1,0,100
7,6,1,0,2,0,100
7,6,1,0,3,0,100
7,6,1,0,4,0,100
7,6,1,0,5,0,100
7,6,1,1,0,0,100
7,6,1,1,1,0,100
7,6,1,1,2,0,100
7,6,1,1,3,0,100
7,6,1,1,4,0,100
7,6,1,2,0,0,100
7,6,1,2,1,0,100
7,6,1,2,2,0,100
7,6,1,2,3,0,100
7,6,1,3,0,0,100
7,6,1,3,1,0,100
7,6,1,3,2,0,100
7,6,1,4,0,0,100
7,6,1,4,1,0,100
7,6,1,5,0,0,100
7,6,2,0,0,0,100
7,6,2,0,1,0,100
7,6,2,0,2,0,100
7,6,2,0,3,0,100
7,6,2,0,4,0,100
7,6,2,1,0,0,100
7,6,2,1,1,0,100
7,6,2,1,2,0,100
7,6,2,1,3,0,100
7,6,2,2,0,0,100
7,6,2,2,1,0,100
7,6,2,2,2,0,100
7,6,2,3,0,0,100
7,6,2,3,1,0,100
7,6,2,4,0,0,100
7,6,3,0,0,0,100
7,6,3,0,1,0,100
7,6,3,0,2,0,100
7,6,3,0,3,0,100
7,6,3,1,0,0,100
7,6,3,1,1,0,100
7,6,3,1,2,0,100
7,6,3,2,0,0,100
7,6,3,2,1,0,100
7,6,3,3,0,0,100
7,6,4,0,0,0,100
7,6,4,0,1,0,100
7,6,4,0,2,0,100
7,6,4,1,0,0,100
7,6,4,1,1,0,100
7,6,4,2,0,0,100
7,6,5,0,0,0,100
7,6,5,0,1,0,100
7,6,5,1,0,0,100
7,6,6,0,0,0,100
7,7,0,0,0,0,100
7,7,0,0,1,0,100
7,7,0,0,2,0,100
7,7,0,0,3,0,100
7,7,0,0,4,0,100
7,7,0,0,5,0,100
7,7,0,0,6,0,100
7,7,0,1,0,0,100
7,7,0,1,1,0,100
7,7,0,1,2,0,100
7,7,0,1,3,0,100
7,7,0,1,4,0,100
7,7,0,1,5,0,100
7,7,0,2,0,0,100
7,7,0,2,1,0,100
7,7,0,2,2,0,100
7,7,0,2,3,0,100
7,7,0,2,4,0,100
7,7,0,3,0,0,100
7,7,0,3,1,0,100
7,7,0,3,2,0,100
7,7,0,3,3,0,100
7,7,0,4,0,0,100
7,7,0,4,1,0,100
7,7,0,4,2,0,100
7,7,0,5,0,0,100
7,7,0,5,1,0,100
7,7,0,6,0,0,100
7,7,1,0,0,0,100
7,7,1,0,1,0,100
7,7,1,0,2,0,100
7,7,1,0,3,0,100
7,7,1,0,4,0,100
7,7,1,0,5,0,100
7,7,1,1,0,0,100
7,7,1,1,1,0,100
7,7,1,1,2,0,100
7,7,1,1,3,0,100
7,7,1,1,4,0,100
7,7,1,2,0,0,100
7,7,1,2,1,0,100
7,7,1,2,2,0,100
7,7,1,2,3,0,100
7,7,1,3,0,0,100
7,7,1,3,1,0,100
7,7,1,3,2,0,100
7,7,1,4,0,0,100
7,7,1,4,1,0,100
7,7,1,5,0,0,100
7,7,2,0,0,0,100
7,7,2,0,1,0,100
7,7,2,0,2,0,100
7,7,2,0,3,0,100
7,7,2,0,4,0,100
7,7,2,1,0,0,100
7,7,2,1,1,0,100
7,7,2,1,2,0,100
7,7,2,1,3,0,100
7,7,2,2,0,0,100
7,7,2,2,1,0,100
7,7,2,2,2,0,100
7,7,2,3,0,0,100
7,7,2,3,1,0,100
7,7,2,4,0,0,100
7,7,3,0,0,0,100
7,7,3,0,1,0,100
7,7,3,0,2,0,100
7,7,3,0,3,0,100
7,7,3,1,0,0,100
7,7,3,1,1,0,100
7,7,3,1,2,0,100
7,7,3,2,0,0,100
7,7,3,2,1,0,100
7,7,3,3,0,0,100
7,7,4,0,0,0,100
7,7,4,0,1,0,100
7,7,4,0,2,0,100
7,7,4,1,0,0,100
7,7,4,1,1,0,100
7,7,4,2,0,0,100
7,7,5,0,0,0,100
7,7,5,0,1,0,100
7,7,5,1,0,0,100
7,7,6,0,0,0,100
